0,sof,2022/1/1,1.2,22.9,39.57
0,sof,2022/1/2,23.26,12.4,158.04
0,sof,2022/1/3,28.53,59.27,65.22
0,sof,2022/1/4,18.41,71.94,45.68
0,sof,2022/1/5,11.57,67.94,21.73
0,sof,2022/1/6,43.21,43.4,15.11
0,sof,2022/1/7,45.71,2.19,112.33
0,sof,2022/1/8,10.56,29.66,138.63
0,sof,2022/1/9,24.03,30.19,151.98
0,sof,2022/1/10,18.47,69.38,77.19
0,sof,2022/1/11,34.73,22.61,87.42
0,sof,2022/1/12,47.86,49.68,152.35
0,sof,2022/1/13,34.93,97.21,161.52
0,sof,2022/1/14,40.81,75.36,158.8
0,sof,2022/1/15,18.61,52.61,96.01
0,sof,2022/1/16,32.41,49.83,164.64
0,sof,2022/1/17,36.18,18.2,112.44
0,sof,2022/1/18,43.96,76.26,38.82
0,sof,2022/1/19,38.55,76.98,164.75
0,sof,2022/1/20,37.93,90.35,131.56
0,sof,2022/1/21,33.05,90.3,35.24
0,sof,2022/1/22,21.27,22.73,45.3
0,sof,2022/1/23,29.36,16.95,66.23
0,sof,2022/1/24,36.89,80.56,80.67
0,sof,2022/1/25,42.54,90.04,167.02
0,sof,2022/1/26,4.75,27.18,162.57
0,sof,2022/1/27,21.82,47.41,121.9
0,sof,2022/1/28,21.84,50.92,147.84
0,sof,2022/1/29,21.96,72.03,162.14
0,sof,2022/1/30,44.73,13.92,119.04
0,sof,2022/1/31,3.29,15.45,79.91
0,sof,2022/2/1,16.16,82.42,24.55
0,sof,2022/2/2,2.83,92.33,125.19
0,sof,2022/2/3,38.04,50.45,19.84
0,sof,2022/2/4,2.78,88.48,53.79
0,sof,2022/2/5,15.01,45.25,135.08
0,sof,2022/2/6,10.99,7.11,35.9
0,sof,2022/2/7,6.78,17.64,6.07
0,sof,2022/2/8,21.4,79.53,15.05
0,sof,2022/2/9,45.6,85.4,95.79
0,sof,2022/2/10,13.49,39.49,113.7
0,sof,2022/2/11,21.39,35.99,62.61
0,sof,2022/2/12,45.19,75.26,56.42
0,sof,2022/2/13,26.06,51.91,64.91
0,sof,2022/2/14,46.28,9.98,135.26
0,sof,2022/2/15,17.86,7.52,103.45
0,sof,2022/2/16,8.84,41.88,135.55
0,sof,2022/2/17,33.73,48.29,167.01
0,sof,2022/2/18,46.0,77.99,50.97
0,sof,2022/2/19,36.88,66.13,131.95
0,sof,2022/2/20,38.76,25.66,90.23
0,sof,2022/2/21,7.47,23.23,103.29
0,sof,2022/2/22,47.53,57.45,96.71
0,sof,2022/2/23,47.52,97.49,124.48
0,sof,2022/2/24,45.32,21.33,88.11
0,sof,2022/2/25,33.73,63.59,112.97
0,sof,2022/2/26,22.86,89.34,109.78
0,sof,2022/2/27,32.84,6.57,30.66
0,sof,2022/2/28,27.12,70.69,130.96
0,sof,2022/3/1,42.17,96.97,87.75
0,sof,2022/3/2,38.84,32.58,152.78
0,sof,2022/3/3,32.29,50.75,98.93
0,sof,2022/3/4,24.2,76.86,26.06
0,sof,2022/3/5,18.83,3.74,32.0
0,sof,2022/3/6,9.25,82.6,62.2
0,sof,2022/3/7,8.43,58.69,57.19
0,sof,2022/3/8,14.56,51.18,63.82
0,sof,2022/3/9,5.38,91.64,77.2
0,sof,2022/3/10,1.34,37.56,17.42
0,sof,2022/3/11,31.32,96.74,29.4
0,sof,2022/3/12,2.53,93.24,165.14
0,sof,2022/3/13,42.69,9.92,150.88
0,sof,2022/3/14,17.47,85.37,134.03
0,sof,2022/3/15,22.55,83.81,27.04
0,sof,2022/3/16,40.55,24.42,166.33
0,sof,2022/3/17,36.67,5.31,8.95
0,sof,2022/3/18,11.63,5.94,142.67
0,sof,2022/3/19,44.54,12.93,38.27
0,sof,2022/3/20,26.13,76.36,65.66
0,sof,2022/3/21,13.97,14.59,1.47
0,sof,2022/3/22,31.09,26.31,152.72
0,sof,2022/3/23,8.58,81.77,40.28
0,sof,2022/3/24,18.18,79.49,56.59
0,sof,2022/3/25,18.0,24.75,116.42
0,sof,2022/3/26,25.97,7.66,22.82
0,sof,2022/3/27,27.59,68.04,167.83
0,sof,2022/3/28,1.75,34.9,16.97
0,sof,2022/3/29,29.46,8.53,130.64
0,sof,2022/3/30,24.91,16.06,75.99
0,sof,2022/3/31,27.77,52.6,1.35
0,sof,2022/4/1,7.36,34.52,97.06
0,sof,2022/4/2,24.52,10.61,72.23
0,sof,2022/4/3,32.7,34.35,72.39
0,sof,2022/4/4,14.85,57.01,57.65
0,sof,2022/4/5,17.02,12.75,30.95
0,sof,2022/4/6,16.19,72.04,139.23
0,sof,2022/4/7,4.94,14.44,141.9
0,sof,2022/4/8,7.8,99.38,2.27
0,sof,2022/4/9,9.18,74.19,117.32
0,sof,2022/4/10,44.72,91.17,42.68
0,sof,2022/4/11,29.41,30.47,112.04
0,sof,2022/4/12,31.63,6.8,130.46
0,sof,2022/4/13,47.14,79.37,20.06
0,sof,2022/4/14,36.26,35.3,23.19
0,sof,2022/4/15,26.61,83.81,52.2
0,sof,2022/4/16,11.83,64.76,42.45
0,sof,2022/4/17,38.18,82.57,93.25
0,sof,2022/4/18,43.52,5.6,77.74
0,sof,2022/4/19,15.87,62.98,137.45
0,sof,2022/4/20,4.95,19.62,39.66
0,sof,2022/4/21,25.05,79.79,73.72
0,sof,2022/4/22,9.19,74.41,65.83
0,sof,2022/4/23,43.08,49.77,144.18
0,sof,2022/4/24,42.68,45.14,77.8
0,sof,2022/4/25,7.7,35.58,146.62
0,sof,2022/4/26,11.71,25.97,47.46
0,sof,2022/4/27,32.62,29.16,169.89
0,sof,2022/4/28,23.4,56.02,51.84
0,sof,2022/4/29,45.9,16.47,87.88
0,sof,2022/4/30,15.76,28.17,143.69
0,sof,2022/5/1,18.8,71.1,21.97
0,sof,2022/5/2,23.87,60.1,160.45
0,sof,2022/5/3,41.25,86.99,54.25
0,sof,2022/5/4,16.31,21.14,135.0
0,sof,2022/5/5,23.75,29.21,39.32
0,sof,2022/5/6,4.76,98.05,69.47
0,sof,2022/5/7,20.36,18.64,43.24
0,sof,2022/5/8,42.91,65.47,51.06
0,sof,2022/5/9,24.27,60.64,66.96
0,sof,2022/5/10,24.75,57.77,28.78
0,sof,2022/5/11,45.15,76.09,41.7
0,sof,2022/5/12,27.1,22.13,30.34
0,sof,2022/5/13,33.5,73.8,92.36
0,sof,2022/5/14,1.28,17.94,152.35
0,sof,2022/5/15,14.52,35.19,27.65
0,sof,2022/5/16,28.78,9.86,168.65
0,sof,2022/5/17,3.39,86.01,134.38
0,sof,2022/5/18,19.43,13.56,101.6
0,sof,2022/5/19,37.88,68.3,123.43
0,sof,2022/5/20,15.09,24.75,101.7
0,sof,2022/5/21,34.98,39.46,96.58
0,sof,2022/5/22,31.15,24.17,111.82
0,sof,2022/5/23,3.46,21.95,23.23
0,sof,2022/5/24,3.83,26.46,3.69
0,sof,2022/5/25,31.21,92.2,96.89
0,sof,2022/5/26,16.01,97.77,58.84
0,sof,2022/5/27,6.97,14.9,160.22
0,sof,2022/5/28,2.24,17.04,49.8
0,sof,2022/5/29,37.91,61.97,113.53
0,sof,2022/5/30,21.2,39.28,39.03
0,sof,2022/5/31,16.23,48.75,94.44
0,sof,2022/6/1,12.09,38.3,11.47
0,sof,2022/6/2,21.0,73.54,111.79
0,sof,2022/6/3,47.53,95.62,33.91
0,sof,2022/6/4,22.66,70.53,11.88
0,sof,2022/6/5,4.06,21.75,123.47
0,sof,2022/6/6,37.46,85.44,75.75
0,sof,2022/6/7,21.04,34.17,146.78
0,sof,2022/6/8,37.43,11.69,118.12
0,sof,2022/6/9,43.79,69.71,167.85
0,sof,2022/6/10,33.56,33.55,135.71
0,sof,2022/6/11,32.65,10.64,154.39
0,sof,2022/6/12,29.14,20.12,150.68
0,sof,2022/6/13,8.6,17.25,148.03
0,sof,2022/6/14,43.5,3.45,10.41
0,sof,2022/6/15,37.86,68.97,26.63
0,sof,2022/6/16,25.43,57.66,83.02
0,sof,2022/6/17,40.97,9.84,8.58
0,sof,2022/6/18,31.53,58.08,138.1
0,sof,2022/6/19,5.67,9.51,50.99
0,sof,2022/6/20,23.83,30.22,148.11
0,sof,2022/6/21,22.96,40.42,85.58
0,sof,2022/6/22,16.05,59.96,132.57
0,sof,2022/6/23,37.48,33.55,50.44
0,sof,2022/6/24,47.14,27.23,93.23
0,sof,2022/6/25,8.25,20.06,47.85
0,sof,2022/6/26,14.74,25.14,105.05
0,sof,2022/6/27,3.25,50.44,22.12
0,sof,2022/6/28,25.45,31.94,37.33
0,sof,2022/6/29,15.11,40.99,43.64
0,sof,2022/6/30,21.27,14.61,75.83
0,sof,2022/7/1,5.55,15.93,59.73
0,sof,2022/7/2,22.57,5.79,76.82
0,sof,2022/7/3,8.32,53.07,111.71
0,sof,2022/7/4,14.14,43.47,20.68
0,sof,2022/7/5,35.46,11.14,20.27
0,sof,2022/7/6,33.91,15.03,46.09
0,sof,2022/7/7,1.32,50.07,154.13
0,sof,2022/7/8,30.88,96.12,85.15
0,sof,2022/7/9,9.71,67.88,84.9
0,sof,2022/7/10,25.07,73.86,58.73
0,sof,2022/7/11,9.0,26.45,50.56
0,sof,2022/7/12,11.09,24.97,80.2
0,sof,2022/7/13,25.24,43.63,90.68
0,sof,2022/7/14,29.52,55.28,106.01
0,sof,2022/7/15,9.21,95.96,75.25
0,sof,2022/7/16,44.06,46.21,79.76
0,sof,2022/7/17,1.85,45.71,74.51
0,sof,2022/7/18,44.59,95.92,9.74
0,sof,2022/7/19,18.01,55.6,147.47
0,sof,2022/7/20,1.53,57.18,8.16
0,sof,2022/7/21,13.28,9.63,94.12
0,sof,2022/7/22,3.33,34.01,140.06
0,sof,2022/7/23,23.61,34.13,24.13
0,sof,2022/7/24,20.4,37.79,139.96
0,sof,2022/7/25,8.69,7.25,71.47
0,sof,2022/7/26,35.83,33.53,103.37
0,sof,2022/7/27,41.89,59.06,138.47
0,sof,2022/7/28,10.92,86.2,140.67
0,sof,2022/7/29,11.23,71.72,6.29
0,sof,2022/7/30,19.08,78.66,149.17
0,sof,2022/7/31,33.53,34.37,65.06
0,sof,2022/8/1,20.76,19.08,47.16
0,sof,2022/8/2,7.11,37.22,10.51
0,sof,2022/8/3,37.34,34.96,165.01
0,sof,2022/8/4,20.82,86.25,11.86
0,sof,2022/8/5,17.85,78.99,62.91
0,sof,2022/8/6,41.27,80.04,81.92
0,sof,2022/8/7,22.52,65.49,2.41
0,sof,2022/8/8,9.78,20.73,21.66
0,sof,2022/8/9,6.52,55.81,146.36
0,sof,2022/8/10,21.37,81.49,64.25
0,sof,2022/8/11,31.35,54.83,61.4
0,sof,2022/8/12,7.79,52.82,156.65
0,sof,2022/8/13,31.39,55.63,98.4
0,sof,2022/8/14,47.6,77.07,69.38
0,sof,2022/8/15,22.3,21.17,68.47
0,sof,2022/8/16,9.48,31.24,127.53
0,sof,2022/8/17,25.71,89.03,41.28
0,sof,2022/8/18,28.76,70.83,136.78
0,sof,2022/8/19,47.13,13.3,55.63
0,sof,2022/8/20,10.62,37.43,62.39
0,sof,2022/8/21,26.55,2.99,19.57
0,sof,2022/8/22,6.09,52.99,23.75
0,sof,2022/8/23,28.5,84.09,70.9
0,sof,2022/8/24,17.32,93.66,52.71
0,sof,2022/8/25,13.07,63.37,3.17
0,sof,2022/8/26,33.39,20.23,156.06
0,sof,2022/8/27,36.76,81.24,161.79
0,sof,2022/8/28,10.29,48.64,121.78
0,sof,2022/8/29,40.57,60.28,127.17
0,sof,2022/8/30,27.32,23.79,39.18
0,sof,2022/8/31,31.17,55.04,49.35
0,sof,2022/9/1,22.67,17.91,68.22
0,sof,2022/9/2,7.35,93.42,18.82
0,sof,2022/9/3,39.85,84.56,153.49
0,sof,2022/9/4,25.2,67.73,103.67
0,sof,2022/9/5,15.52,39.25,21.15
0,sof,2022/9/6,16.72,74.87,124.63
0,sof,2022/9/7,10.44,24.07,37.42
0,sof,2022/9/8,1.71,91.83,166.07
0,sof,2022/9/9,41.27,61.47,10.6
0,sof,2022/9/10,9.64,4.0,112.81
0,sof,2022/9/11,19.5,73.12,131.93
0,sof,2022/9/12,7.44,51.57,46.34
0,sof,2022/9/13,47.55,74.91,71.88
0,sof,2022/9/14,38.85,41.8,163.28
0,sof,2022/9/15,11.41,38.56,113.64
0,sof,2022/9/16,4.15,16.48,10.23
0,sof,2022/9/17,17.4,43.84,15.6
0,sof,2022/9/18,6.02,92.88,65.75
0,sof,2022/9/19,32.84,39.84,83.95
0,sof,2022/9/20,42.92,89.47,48.23
0,sof,2022/9/21,28.22,34.46,127.03
0,sof,2022/9/22,13.13,33.37,121.69
0,sof,2022/9/23,35.61,13.52,168.85
0,sof,2022/9/24,24.04,1.72,50.97
0,sof,2022/9/25,5.86,3.14,163.54
0,sof,2022/9/26,12.4,97.27,119.74
0,sof,2022/9/27,26.86,31.84,114.17
0,sof,2022/9/28,19.76,93.41,141.43
0,sof,2022/9/29,38.1,21.61,109.69
0,sof,2022/9/30,38.22,73.83,44.36
0,sof,2022/10/1,30.83,85.38,142.14
0,sof,2022/10/2,15.01,89.86,94.66
0,sof,2022/10/3,19.42,94.08,105.65
0,sof,2022/10/4,27.61,58.33,147.3
0,sof,2022/10/5,30.04,81.68,48.49
0,sof,2022/10/6,25.4,13.6,139.82
0,sof,2022/10/7,15.86,51.95,124.44
0,sof,2022/10/8,13.72,62.51,94.9
0,sof,2022/10/9,32.68,54.52,122.7
0,sof,2022/10/10,15.64,86.59,91.42
0,sof,2022/10/11,30.12,17.01,8.05
0,sof,2022/10/12,16.48,97.11,25.95
0,sof,2022/10/13,21.63,52.02,6.48
0,sof,2022/10/14,4.92,27.61,99.44
0,sof,2022/10/15,6.76,59.11,97.89
0,sof,2022/10/16,20.33,51.31,65.42
0,sof,2022/10/17,11.72,69.04,111.38
0,sof,2022/10/18,32.99,57.43,124.16
0,sof,2022/10/19,32.87,41.36,8.43
0,sof,2022/10/20,15.21,2.21,30.35
0,sof,2022/10/21,15.0,77.56,144.95
0,sof,2022/10/22,19.64,62.39,85.08
0,sof,2022/10/23,45.28,98.31,168.47
0,sof,2022/10/24,15.33,52.36,113.88
0,sof,2022/10/25,10.76,10.57,73.02
0,sof,2022/10/26,11.91,11.39,138.93
0,sof,2022/10/27,17.86,49.1,82.87
0,sof,2022/10/28,22.22,87.29,35.46
0,sof,2022/10/29,31.52,47.3,146.88
0,sof,2022/10/30,7.21,17.47,116.91
0,sof,2022/10/31,13.67,12.9,118.75
0,sof,2022/11/1,7.99,77.32,88.42
0,sof,2022/11/2,27.81,2.2,27.54
0,sof,2022/11/3,2.4,77.66,169.18
0,sof,2022/11/4,39.31,47.62,49.62
0,sof,2022/11/5,34.56,74.56,7.05
0,sof,2022/11/6,2.19,64.74,81.81
0,sof,2022/11/7,37.1,20.51,153.02
0,sof,2022/11/8,5.84,50.55,147.01
0,sof,2022/11/9,43.58,65.02,51.53
0,sof,2022/11/10,33.94,97.04,142.88
0,sof,2022/11/11,7.52,2.01,86.61
0,sof,2022/11/12,35.34,89.57,132.31
0,sof,2022/11/13,27.67,22.47,94.89
0,sof,2022/11/14,25.5,65.53,38.64
0,sof,2022/11/15,11.85,64.84,84.6
0,sof,2022/11/16,14.87,48.21,82.25
0,sof,2022/11/17,10.89,73.12,155.52
0,sof,2022/11/18,45.11,42.85,130.03
0,sof,2022/11/19,27.97,18.9,117.83
0,sof,2022/11/20,28.34,47.15,128.03
0,sof,2022/11/21,24.74,95.91,135.54
0,sof,2022/11/22,37.37,56.89,5.24
0,sof,2022/11/23,4.78,68.16,114.45
0,sof,2022/11/24,31.95,39.62,16.44
0,sof,2022/11/25,15.78,57.72,155.49
0,sof,2022/11/26,35.67,70.85,103.6
0,sof,2022/11/27,16.36,74.22,117.89
0,sof,2022/11/28,46.74,55.02,78.9
0,sof,2022/11/29,22.8,70.87,27.8
0,sof,2022/11/30,22.34,52.09,31.45
0,sof,2022/12/1,35.76,11.65,44.11
0,sof,2022/12/2,27.84,38.73,22.17
0,sof,2022/12/3,19.59,96.88,114.64
0,sof,2022/12/4,18.56,4.62,150.54
0,sof,2022/12/5,5.37,19.6,148.09
0,sof,2022/12/6,27.79,48.22,153.9
0,sof,2022/12/7,42.27,11.78,48.03
0,sof,2022/12/8,7.99,84.39,100.53
0,sof,2022/12/9,7.44,83.49,140.98
0,sof,2022/12/10,14.83,9.61,10.72
0,sof,2022/12/11,27.69,23.02,68.49
0,sof,2022/12/12,22.57,60.07,26.77
0,sof,2022/12/13,8.22,8.08,97.23
0,sof,2022/12/14,2.0,10.2,54.37
0,sof,2022/12/15,41.33,42.85,79.74
0,sof,2022/12/16,14.57,56.78,138.19
0,sof,2022/12/17,6.75,4.8,77.72
0,sof,2022/12/18,13.91,27.18,86.29
0,sof,2022/12/19,35.96,25.06,149.58
0,sof,2022/12/20,13.75,19.57,100.32
0,sof,2022/12/21,40.22,91.69,139.66
0,sof,2022/12/22,7.82,34.76,32.71
0,sof,2022/12/23,3.72,21.05,126.52
0,sof,2022/12/24,7.69,64.03,106.2
0,sof,2022/12/25,34.15,28.38,39.23
0,sof,2022/12/26,39.56,84.24,167.8
0,sof,2022/12/27,28.66,63.1,118.51
0,sof,2022/12/28,4.37,84.0,86.09
0,sof,2022/12/29,15.08,63.55,42.87
0,sof,2022/12/30,44.45,99.73,72.55
0,sof,2022/12/31,1.34,95.51,14.9
